﻿<?xml version="1.0" encoding="UTF-8"?>
<configuration>
  <setting name="RECEIPT_NO">
    <value>1</value>
  </setting>
   <setting name="CASE_TYPE">
    <value>1</value>
  </setting>
  <setting name="FEE_AMOUNT">
    <value>1</value>
  </setting>
  <setting name="PAYMENT_DATE">
    <value>1</value>
  </setting>
  <setting name="RDC_ISSUE_NO">
    <value>1</value>
  </setting>
  <setting name="GIVE_DATE">
    <value>1</value>
  </setting>
  <setting name="CASE_NO">
    <value>1</value>
  </setting> 
  <setting name="FEE_TYPE">
    <value>1</value>
  </setting>
  <setting name="CASE_NAME">
    <value>1</value>
  </setting>
  <setting name="PAYMENT_TOOL">
    <value>1</value>
  </setting>
  <setting name="PAYER">
    <value>1</value>
  </setting>
  <setting name="FEE_YEAR">
    <value>1</value>
  </setting>
  <setting name="PATENT_NO">
    <value>1</value>
  </setting>
  <setting name="TRADEMARK_NO">
    <value>0</value>
  </setting>
</configuration>