<?xml version="1.0" encoding="utf-8" ?>
<FileCode>
  <PT title="發明摘要" code="A0101_ABSTRACT"/>
  <PT title="新型摘要" code="A0101_ABSTRACT"/>
  <PT title="發明說明書" code="A0101_SPEC"/>
  <PT title="新型說明書" code="A0101_SPEC"/>
  <PT title="設計說明書" code="A0101_SPEC"/>
  <PT title="衍生設計說明書" code="A0101_SPEC"/>
  <PT title="發明申請專利範圍" code="A0101_CLAIMS"/>
  <PT title="新型申請專利範圍" code="A0101_CLAIMS"/>
  <PT title="發明圖式" code="A0101_DRAWINGS"/>
  <PT title="新型圖式" code="A0101_DRAWINGS"/>
  <PT title="設計圖式" code="A0101_DRAWINGS"/>
  <PT title="衍生設計圖式" code="A0101_DRAWINGS"/>
  <PT title="修正後之發明摘要" code="A0202_ABSTRACT"/>
  <PT title="修正後之新型摘要" code="A0202_ABSTRACT"/>
  <PT title="修正後之發明說明書" code="A0202_SPEC"/>
  <PT title="修正後之新型說明書" code="A0202_SPEC"/>
  <PT title="修正後之設計說明書" code="A0202_SPEC"/>
  <PT title="修正後之衍生設計說明書" code="A0202_SPEC"/>
  <PT title="修正後之發明申請專利範圍" code="A0202_CLAIMS"/>
  <PT title="修正後之新型申請專利範圍" code="A0202_CLAIMS"/>
  <PT title="修正後之發明圖式" code="A0202_DRAWINGS"/>
  <PT title="修正後之新型圖式" code="A0202_DRAWINGS"/>
  <PT title="修正後之設計圖式" code="A0202_DRAWINGS"/>
  <PT title="修正後之衍生設計圖式" code="A0202_DRAWINGS"/>
  <PT title="更正後之發明摘要" code="A0302_ABSTRACT"/>
  <PT title="更正後之新型摘要" code="A0302_ABSTRACT"/>
  <PT title="更正後之發明說明書" code="A0302_SPEC"/>
  <PT title="更正後之新型說明書" code="A0302_SPEC"/>
  <PT title="更正後之設計說明書" code="A0302_SPEC"/>
  <PT title="更正後之衍生設計說明書" code="A0302_SPEC"/>
  <PT title="更正後之發明申請專利範圍" code="A0302_CLAIMS"/>
  <PT title="更正後之新型申請專利範圍" code="A0302_CLAIMS"/>
  <PT title="更正後之發明圖式" code="A0302_DRAWINGS"/>
  <PT title="更正後之新型圖式" code="A0302_DRAWINGS"/>
  <PT title="更正後之設計圖式" code="A0302_DRAWINGS"/>
  <PT title="更正後之衍生設計圖式" code="A0302_DRAWINGS"/>
  <PT title="訂正後無劃線之發明摘要" code="A3202_ABSTRACT"/>
  <PT title="訂正後無劃線之新型摘要" code="A3202_ABSTRACT"/>
  <PT title="訂正後無劃線之發明說明書" code="A3202_SPEC"/>
  <PT title="訂正後無劃線之新型說明書" code="A3202_SPEC"/>
  <PT title="訂正後無劃線之設計說明書" code="A3202_SPEC"/>
  <PT title="訂正後無劃線之衍生設計說明書" code="A3202_SPEC"/>
  <PT title="訂正後無劃線之發明申請專利範圍" code="A3202_CLAIMS"/>
  <PT title="訂正後無劃線之新型申請專利範圍" code="A3202_CLAIMS"/>
  <PT title="訂正後無劃線之發明圖式" code="A3202_DRAWINGS"/>
  <PT title="訂正後無劃線之新型圖式" code="A3202_DRAWINGS"/>
  <PT title="訂正後無劃線之設計圖式" code="A3202_DRAWINGS"/>
  <PT title="訂正後無劃線之衍生設計圖式" code="A3202_DRAWINGS"/> 
  <PT title="訂正後修正無劃線之發明摘要" code="A0202_ABSTRACT"/>
  <PT title="訂正後修正無劃線之新型摘要" code="A0202_ABSTRACT"/>
  <PT title="訂正後修正無劃線之發明說明書" code="A0202_SPEC"/>
  <PT title="訂正後修正無劃線之新型說明書" code="A0202_SPEC"/>
  <PT title="訂正後修正無劃線之設計說明書" code="A0202_SPEC"/>
  <PT title="訂正後修正無劃線之衍生設計說明書" code="A0202_SPEC"/>
  <PT title="訂正後修正無劃線之發明申請專利範圍" code="A0202_CLAIMS"/>
  <PT title="訂正後修正無劃線之新型申請專利範圍" code="A0202_CLAIMS"/>
  <PT title="訂正後修正無劃線之發明圖式" code="A0202_DRAWINGS"/>
  <PT title="訂正後修正無劃線之新型圖式" code="A0202_DRAWINGS"/>
  <PT title="訂正後修正無劃線之設計圖式" code="A0202_DRAWINGS"/>
  <PT title="訂正後修正無劃線之衍生設計圖式" code="A0202_DRAWINGS"/>
  <PT title="發明摘要劃線修正頁" code="A0203"/>
  <PT title="新型摘要劃線修正頁" code="A0203"/>
  <PT title="發明說明書劃線修正頁" code="A0203"/>
  <PT title="新型說明書劃線修正頁" code="A0203"/>
  <PT title="設計說明書劃線修正頁" code="A0203"/>
  <PT title="衍生設計說明書劃線修正頁" code="A0203"/>
  <PT title="發明申請專利範圍劃線修正頁" code="A0203"/>
  <PT title="新型申請專利範圍劃線修正頁" code="A0203"/>
  <PT title="修正部分劃線之發明摘要" code="A0203"/>
  <PT title="修正部分劃線之新型摘要" code="A0203"/>
  <PT title="修正部分劃線之發明說明書" code="A0203"/>
  <PT title="修正部分劃線之新型說明書" code="A0203"/>
  <PT title="修正部分劃線之設計說明書" code="A0203"/>
  <PT title="修正部分劃線之衍生設計說明書" code="A0203"/>
  <PT title="修正部分劃線之發明申請專利範圍" code="A0203"/>
  <PT title="修正部分劃線之新型申請專利範圍" code="A0203"/>
  <PT title="訂正部分劃線之發明摘要" code="A3203"/>
  <PT title="訂正部分劃線之新型摘要" code="A3203"/>
  <PT title="訂正部分劃線之發明說明書" code="A3203"/>
  <PT title="訂正部分劃線之新型說明書" code="A3203"/>
  <PT title="訂正部分劃線之設計說明書" code="A3203"/>
  <PT title="訂正部分劃線之衍生設計說明書" code="A3203"/>
  <PT title="訂正部分劃線之發明申請專利範圍" code="A3203"/>
  <PT title="訂正部分劃線之新型申請專利範圍" code="A3203"/>
  <PT title="專利說明書首頁" code="A0501"/>
  <PT title="發明專利說明書首頁" code="A0501"/>  
  <PT title="新型專利說明書首頁" code="A0501"/>
  <PT title="設計專利說明書首頁" code="A0501"/>
  <PT title="申請書" code="A0503"/>
  <PT title="專利修正申請書" code="A0503"/>
  <PT title="專利誤譯訂正申請書" code="A0503"/>
  <PT title="再審查理由書" code="A0601"/>
  <PT title="申復理由書" code="A0604"/>
  <PT title="申復書" code="A0604"/>
  <PT title="申請權證明書" code="A0701"/>
  <PT title="委任書" code="A0801"/>
  <PT title="外文本" code="A0901"/>
  <PT title="簡體字本" code="A0903"/>
  <PT title="國際優先權證明文件" code="A1001"/>
  <PT title="國內優先權證明文件" code="A1002"/>
  <PT title="優先權證明文件首頁中譯本" code="A1001"/>
  <PT title="影響國家安全之虞之證明文件" code="A1101"/>
  <PT title="國內生物材料寄存證明文件" code="A1201"/>
  <PT title="國外生物材料寄存證明文件" code="A1201"/>
  <PT title="生物材料為通常知識者易於獲得證明文件" code="A1201"/>
  <PT title="生物材料存活證明文件" code="A1202"/>
  <PT title="優惠期證明文件" code="A1301"/>
  <PT title="研究實驗新穎性優惠期證明文件" code="A1301"/>
  <PT title="展覽會新穎性優惠期證明文件" code="A1301"/>
  <PT title="非專利申請人為商業上之實施證明文件" code="A1402"/>
  <PT title="商業實施證明文件" code="A1402"/>
  <PT title="讓與契約書或讓與證明文件" code="A1501"/>
  <PT title="公司併購證明文件" code="A1502"/>
  <PT title="其他共有人之同意書" code="A1503"/>
  <PT title="其他共有人或被授權人或質權人之同意書" code="A1503"/>
  <PT title="全體共有人同意之證明文件" code="A1503"/>
  <PT title="死亡證明文件" code="A1701"/>
  <PT title="繼承系統表" code="A1702"/>
  <PT title="全戶戶籍謄本或繼承證明文件" code="A1703"/>
  <PT title="共同繼承之證明文件" code="A1704"/>
  <PT title="拋棄繼承證明文件" code="A1704"/>
  <PT title="遺囑公正本" code="A1704"/>
  <PT title="遺囑公證本" code="A1704"/>
  <PT title="遺產分割協議書" code="A1704"/>
  <PT title="法定代理人或監護人連署文件" code="A1705"/>
  <PT title="切結書" code="A2209"/>
  <PT title="侵權訴訟證明文件" code="A2305"/>
  <PT title="涉及專利侵權爭議證明文件" code="A2305"/>
  <PT title="引用作為專利准駁判斷依據之引證文獻" code="A2404"/>
  <PT title="申請專利範圍對應表" code="A2210"/>
  <PT title="佐證資料" code="A3204"/>
  <PT title="外國核准通知" code="A2408"/>
  <PT title="外國核准通知中譯本" code="A2408"/>
  <PT title="外國核准公告之申請專利範圍" code="A2408"/>
  <PT title="外國核准公告之申請專利範圍中譯本" code="A2408"/>
  <PT title="外國即將公告之申請專利範圍" code="A2408"/>
  <PT title="外國即將公告之申請專利範圍中譯本" code="A2408"/>
  <PT title="外國對應申請案之申請證明文件" code="A2408"/>
  <PT title="外國審查達到可核准之申請專利範圍" code="A2408"/>
  <PT title="外國審查達到可核准之申請專利範圍中譯本或英譯本" code="A2408"/>
  <PT title="申請專利範圍中譯本與本申請案之差異說明" code="A2409"/>
  <PT title="外國核發之審查意見通知之申請專利範圍" code="A2410"/>
  <PT title="外國核發之審查意見通知之申請專利範圍中譯本" code="A2410"/>
  <PT title="外國核發之審查意見通知書及檢索報告" code="A2410"/>
  <PT title="外國核發之所有審查意見書清單" code="A2410"/>
  <PT title="外國核發之所有審查意見書" code="A2410"/>
  <PT title="外國核發之所有審查意見書中譯本或英譯本" code="A2410"/>
  <PT title="USPTO-Public-PAIR審查意見書文件名稱及日期清單" code="A2410"/>
  <PT title="USPTO-Public-PAIR申請專利範圍文件名稱及日期清單" code="A2408"/>
  <PT title="JPO-AIPN審查意見書文件名稱及日期清單" code="A2410"/>
  <PT title="JPO-AIPN申請專利範圍文件名稱及日期清單" code="A2408"/>
  <PT title="SPTO-Expedientes-Digitalizados審查意見書文件名稱及日期清單" code="A2410"/>
  <PT title="SPTO-Expedientes-Digitalizados申請專利範圍文件名稱及日期清單" code="A2408"/>
  <PT title="KIPO-K-PION審查意見書文件名稱及日期清單" code="A2410"/>
  <PT title="KIPO-K-PION申請專利範圍文件名稱及日期清單" code="A2408"/>
  <PT title="對應案違反新穎性或進步性之非專利文獻" code="A2411"/>
  <PT title="引用作為專利准駁判斷依據之非專利文獻" code="A2414"/>
  <PT title="發明專利PPH審查申請書" code="A0503"/>
  <PT title="發明專利PPH修正申請書" code="A0503"/>
  <PT title="具可專利性之理由" code="A2412"/>
  <PT title="收據無法檢還原因切結書" code="A2803"/>
  <PT title="中文本原始檔" code="A9701"/>
  <PT title="基本資料表" code="A9801"/>
  <PT title="利害關係人證明文件" code="A9905"/>
  <PT title="其他" code="A99999"/>
  <PT title="許可證影本" code="A2601"/>  <!-- 045-104-000025 專簡B -->
  <PT title="國內申請藥品查驗或農藥登記審查期間起訖日期證明文件" code="A2602"/>  <!-- 045-104-000025 專簡B -->
  <PT title="外國核准延長期間證明文件" code="A2602"/>  <!-- 045-104-000025 專簡B -->
  <PT title="國內外臨床或田間試驗期間起訖日期證明文件" code="A2602"/>  <!-- 045-104-000025 專簡B -->
  <PT title="國內外臨床或田間試驗期間及起訖日期清單" code="A2602"/>  <!-- 045-104-000025 專簡B -->
  <PT title="繼承證明文件" code="A1703"/>  <!-- 045-104-000025 專簡B -->
  <PT title="授權契約書或證明文件" code="A1901"/>  <!-- 045-104-000025 專簡B -->
  <PT title="信託契約或證明文件" code="A1801"/>  <!-- 045-104-000025 專簡B -->
  <PT title="信託契約或信託關係消滅證明文件" code="A1802"/>  <!-- 045-104-000025 專簡B -->
  <PT title="信託變更證明文件" code="A1803"/>  <!-- 045-104-000025 專簡B -->
  <PT title="信託契約或信託歸屬證明文件" code="A1804"/>  <!-- 045-104-000025 專簡B -->
  <PT title="稽徵機關核發證明書" code="A1504"/>  <!-- 045-104-000025 專簡B -->
  <PT title="印鑑切結書" code="A1505"/>  <!-- 045-104-000025 專簡B -->
  <PT title="電子收據" code="A2801"/>  <!-- 045-105-000122 專簡A -->
  <PT title="塗銷登記同意書" code="A1902"/>  <!-- 045-104-000025 專簡B -->
  <PT title="法院判決確定證明文件" code="A1903"/>  <!-- 045-104-000025 專簡B -->
  <TM title="商標樣本" code="B2006"/><!--20120821_擴增案 新增三張商標表單_KD_正哲-->
  <TM title="優先權證明文件" code="B0101"/>
  <TM title="優先權證明文件中文譯本" code="B0102"/>
  <TM title="展覽會優先權證明文件" code="B0103"/>
  <TM title="展覽會優先權證明文件中文譯本" code="B0104"/>
  <TM title="法人資格證明文件" code="B0301"/>
  <TM title="法人團體機關證明文件" code="B0303"/>
  <TM title="委任書" code="B0401"/>
  <TM title="委任書中文譯本" code="B0402"/>
  <TM title="已取得識別性之具體事證" code="B0501"/>
  <TM title="團體商標申請人具代表性證明文件" code="B0502"/>
  <TM title="證明標章申請人具代表性證明文件" code="B0503"/>
  <TM title="不具功能性之證據資料" code="B0601"/>
  <TM title="公司變更登記事項卡影本或其他法人證明文件" code="B0901"/>
  <TM title="公司變更登記事項卡影本或其他法人證明文件中文譯本" code="B0901"/>
  <TM title="戶口謄本" code="B0915"/>
  <TM title="擔保債權讓與契約書" code="B0915"/>
  <TM title="擔保債權讓與契約書中文譯本" code="B0915"/>
  <TM title="擔保債權無償讓與契約書" code="B0915"/>
  <TM title="擔保債權無償讓與契約書中文譯本" code="B0915"/>
  <TM title="移轉契約書" code="B1001"/>
  <TM title="移轉契約書中文譯本" code="B1002"/>
  <TM title="贈與契約書" code="B1001"/>
  <TM title="贈與契約書中文譯本" code="B1002"/>
  <TM title="法院拍定證明文件" code="B1001"/>
  <TM title="公司合併證明文件" code="B1001"/>
  <TM title="公司合併證明文件中文譯本" code="B1002"/>
  <TM title="繼承移轉證明文件" code="B1201"/>
  <TM title="原商標權人死亡證明" code="B1201"/>
  <TM title="原商標權人全戶戶籍謄本" code="B1201"/>
  <TM title="原商標權人死亡證明文件中文譯本" code="B1201"/>
  <TM title="原商標權人全戶戶籍謄本中文譯本" code="B1201"/>
  <TM title="專用權歸屬證明" code="B1201"/>
  <TM title="質權人死亡證明文件" code="B1201"/>
  <TM title="質權人全戶戶籍謄本" code="B1201"/>
  <TM title="質權歸屬證明文件" code="B1201"/>
  <TM title="質權人死亡證明文件中文譯本" code="B1201"/>
  <TM title="質權人全戶戶籍謄本中文譯本" code="B1201"/>
  <TM title="質權歸屬證明中文譯本" code="B1201"/>
  <TM title="稅款證明文件" code="B0916"/>
  <TM title="稽徵機關核發之稅款繳清證明書" code="B0916"/>
  <TM title="稽徵機關核發之核定免稅證明書" code="B0916"/>
  <TM title="稽徵機關核發之不計入遺產總額證明書" code="B0916"/>
  <TM title="稽徵機關核發之同意移轉證明書" code="B0916"/>
  <TM title="稽徵機關核發之不計入贈與總額證明書" code="B0916"/>
  <TM title="廢止授權契約書" code="B1103"/>
  <TM title="廢止授權契約書中文譯本" code="B1104"/>
  <TM title="廢止再授權契約書" code="B1109"/>
  <TM title="廢止再授權契約書中文譯本" code="B1110"/>
  <TM title="授權契約書" code="B1101"/>
  <TM title="授權契約書中文譯本" code="B1102"/>
  <TM title="再授權契約書" code="B1105"/>
  <TM title="再授權契約書中文譯本" code="B1106"/>
  <TM title="商標權人同意再授權證明文件" code="B1107"/>
  <TM title="使用規範書" code="B0701"/>
  <TM title="使用規範書中文譯本" code="B0702"/>
  <TM title="團體商標使用規範書" code="B0701"/>
  <TM title="團體商標使用規範書中文譯本" code="B0702"/>
  <TM title="團體標章使用規範書" code="B0703"/>
  <TM title="團體標章使用規範書中文譯本" code="B0704"/>
  <TM title="證明之資格或能力之文件" code="B0801"/>
  <TM title="聲明不從事商品之製造行銷或服務" code="B0805"/>
  <TM title="證明標章使用規範書" code="B0807"/>
  <TM title="證明標章使用規範書中文譯本" code="B0808"/>
  <TM title="變更證明文件" code="B0901"/>
  <TM title="個人身分證影本" code="B0905"/>
  <TM title="法人公司執照影本" code="B0907"/>
  <TM title="身分或法人證明文件" code="B0909"/>
  <TM title="商標陳述意見書" code="B0911"/>
  <TM title="具結書" code="B0913"/>
  <TM title="移轉契約或其他移轉證明文件" code="B0915"/>
  <TM title="全體共有人同意書" code="B0917"/>
  <TM title="全體共有人同意書中文譯本" code="B0917"/>
  <TM title="分割後之商標註冊申請書" code="B1302"/>
  <TM title="基本資料表" code="B9801"/>
  <TM title="商標使用型錄" code="B9901"/>
  <TM title="商標發票或收據或出貨單" code="B9901"/>
  <TM title="廣告行銷託播明細" code="B9901"/>
  <TM title="商標商品或服務照片" code="B9901"/>
  <TM title="商標往來書信文件" code="B9901"/>
  <TM title="進出口報單" code="B9901"/>
  <TM title="網頁行銷資料" code="B9901"/>
  <TM title="各種書籍報紙雜誌報導資料" code="B9901"/>
  <TM title="電視廣播媒體行銷影音檔" code="B9901"/>
  <TM title="各國註冊資料" code="B9901"/>
  <TM title="法院判決或訴願會決定或行政機關解釋函" code="B9901"/>
  <TM title="電子收據" code="B9903"/>  <!-- 045-105-000122 專簡A -->
  <TM title="其他" code="B9901"/>
  <TM title="英文名稱證明文件" code="B1501"/> <!-- 045-103-002074 商簡B -->
  <TM title="註冊證正反面影本" code="B1401"/> <!-- 045-103-002074 商簡B -->
</FileCode>
