﻿<?xml version="1.0" encoding="UTF-8"?>
<Dictionary>
  <Tag key="YType">有該申辦事項者欄位內僅能填寫「是」，無者請直接刪除本項。</Tag>
  <Tag key="NType">有該申辦事項者欄位內僅能填寫「否」，無者請直接刪除本項。</Tag>
  <Tag key="RoleType">欄位內僅能填寫「自然人」或「法人公司機關學校」或「商號行號工廠」。</Tag>
  <Tag key="RolePantentType">欄位內僅能填寫「專利申請人」或「非專利申請人」。</Tag>
  <Tag key="PatentRightType">欄位內僅能填寫「專利權人」或「非專利權人」。</Tag>
  <Tag key="PatentPersonType">欄位內僅能填寫「專利權人」或「非專利權人」或「專利申請人」或「非專利申請人」或「商標(標章)權人」或「被授權人」或「再被授權人」或「質權人」。</Tag>
  <Tag key="ClassNumberType">欄位內僅能填寫[01]~[45]的2碼數字。</Tag>
  <Tag key="Integer02-Zero">欄位內僅能填寫1~99的數字。</Tag>
  <Tag key="Integer03-Zero">欄位內僅能填寫1~999的數字。</Tag>
  <Tag key="Integer05-Zero">欄位內僅能填寫1~99999的數字。</Tag>
  <Tag key="Integer2-3">欄位內最多僅能填寫2~3碼數字。例如：01~999</Tag>
  <Tag key="zip-code3-5">欄位內最多僅能填寫3碼或5碼郵遞區號。例如：100~999或10001~99999</Tag>
  <Tag key="Integer03">欄位內最多僅能填寫3碼數字。</Tag>
  <Tag key="Integer05">欄位內最多僅能填寫5碼數字。</Tag>
  <Tag key="Integer06">欄位內最多僅能填寫6碼非負數字。</Tag>
  <Tag key="Integer07num">欄位內最多僅能填寫7碼M開頭的專利證書號數。例：M123456</Tag>
  <Tag key="Integer07num-co">欄位內最多僅能填寫7碼I、M、D開頭專利證書號數，或6碼純數字的專利證書號數。例：M123456或123456</Tag>
  <Tag key="Integer08num">欄位內最多僅能填寫8碼註冊號，若英文開頭的註冊號僅允許A或M。例：01234567、A01234656</Tag>
  <Tag key="Integer09-Zero">欄位內最多僅能填寫9碼數字。</Tag>
  <Tag key="Integer09invention">欄位內最多僅能填寫9碼發明案號，且第四碼應為1。</Tag>
  <Tag key="Integer09utility">欄位內最多僅能填寫9碼新型案號，且第四碼應為2。</Tag>
  <Tag key="Integer09design">欄位內最多僅能填寫9碼設計案號，且第四碼應為3。</Tag>
  <Tag key="Integer09num">欄位內最多僅能填寫9碼案號。</Tag>
  <Tag key="Integer11-Zero">欄位內最多僅能填寫11碼數字。</Tag>
  <Tag key="BasisNum">欄位內最多僅能填寫11碼數字。例：智專一(四)05096字第10018704220號函，則填寫10018704220。</Tag>
  <Tag key="Integer09_12">欄位內最多僅能填寫9碼或12碼案號。例如：100100001或100100001D01</Tag>
  <Tag key="Integer09_12design">欄位內最多僅能填寫9碼或12碼案號，且第四碼應為3、第十碼為D。例：100380001或100380001D01</Tag>
  <Tag key="Integer09_12_SupPatApp">欄位內應為9碼或12碼或15碼案號，第十碼僅能為「D」「N」「U」，第十三碼僅能為「N」。例如：100100001或100100001N01或100100001D01N01</Tag>
  <Tag key="Integer12_15num">欄位內僅能填寫12碼或15碼舉發案號。</Tag>
  <Tag key="Integer12derivative">欄位內僅能填寫12碼衍生設計案號，且第四碼應為3、第十碼為D。例：10030345D01</Tag>
  <Tag key="DateEnType">欄位內僅能填寫YYYY/MM/DD格式的日期。例：2012/01/01。</Tag>
  <Tag key="DateTwType">欄位內僅能填寫YYY/MM/DD格式的日期。例：101/01/01。</Tag>
  <Tag key="TELType">欄位內僅能填寫：區碼-電話號碼#分機號碼，例：02-27352342#15。「區碼」為4碼以內之數字；「電話號碼」為10碼以內之數字；「分機號碼」為5碼以內之數字。</Tag>
  <Tag key="MobileType">欄位內僅能填寫10碼數字。</Tag>
  <Tag key="ASCII05">欄位內僅能填寫5碼證書字號。</Tag>
  <Tag key="ASCII40">欄位內僅能填寫40個英文、數字、符號。</Tag>
  <Tag key="ASCII100">欄位內僅能填寫100個英文、數字、符號。</Tag>
  <Tag key="ASCII180">欄位內僅能填寫180個英文、數字、符號。如有「’」符號，請修改為「'」符號。</Tag>
  <Tag key="ASCII255">欄位內僅能填寫255個英文、數字、符號。如有「’」符號，請修改為「'」符號。</Tag>
  <Tag key="String01">欄位應填寫。</Tag>
  <Tag key="String15">欄位內最多僅能填寫15個字。</Tag>
  <Tag key="Basis2">欄位內最多僅能填寫20個字。例：智專一(四)05096字第10018704220號函，則填寫一(四)05096。</Tag>
  <Tag key="String20">欄位內最多僅能填寫20個字。</Tag>
  <Tag key="String20-SP">欄位內最多僅能填寫20個中文、英文、數字、符號，且不得夾雜半形空白。</Tag>
  <Tag key="String30">欄位內最多僅能填寫30個字。</Tag>
  <Tag key="String0-50">
    欄位內請填寫全形字之收據抬頭，50個全形字以內。欄位內容請由以下3種樣式擇一填寫，請正確填寫，如有誤填且已開立收據欲申請更正者，請來文檢附收據辦理：
    1.申請人：若申請人為王小甲與王小乙，請於欄位內填寫「王小甲、王小乙」並以逗點區分申請人。
    2.申請人(代繳人：)：若申請人為王小甲與王小乙，代繳人為王小丙，請於欄位內填寫「王小甲、王小乙(代繳人：王小丙)」並以逗點區分申請人與代繳人。
    3.空白：收據抬頭欄位不填任何資訊。
  </Tag>
  <Tag key="String50-PDFType">欄位內最多僅能填寫50個字，且不得夾雜半形空白，副檔名為.pdf。</Tag>
  <Tag key="String50-SP">欄位內最多僅能填寫50個中文、英文、數字、符號，且不得夾雜半形空白。</Tag>
  <Tag key="SpecSourceFileType">欄位內最多僅能填寫50個字，且不得夾雜半形空白，副檔名為.pdf or doc or docx。</Tag>
  <Tag key="SoundType">欄位內最多僅能填寫50個字，且不得夾雜半形空白，副檔名為.wav。</Tag>
  <Tag key="MotionType">欄位內最多僅能填寫50個字，且不得夾雜半形空白，副檔名為.avi或.mpg。</Tag>
  <Tag key="String00">欄位無須填值, 請刪除後再轉檔。</Tag>
  <Tag key="String40">欄位內不可為空白，且最多僅能填寫40個字。</Tag>
  <Tag key="String50">欄位內不可為空白，且最多僅能填寫50個字。</Tag>
  <Tag key="String100">欄位內不可為空白，且最多僅能填寫100個字。</Tag>
  <Tag key="String120">欄位內不可為空白，且最多僅能填寫120個字。</Tag>
  <Tag key="String150">欄位內不可為空白，且最多僅能填寫150個字。</Tag>
  <Tag key="String200">欄位內不可為空白，且最多僅能填寫200個字。</Tag>
  <Tag key="String250">欄位內不可為空白，且最多僅能填寫250個字。</Tag>
  <Tag key="String300">欄位內不可為空白，且最多僅能填寫300個字。</Tag>
  <Tag key="String1000">欄位內不可為空白，且最多僅能填寫1000個字。</Tag>
  <Tag key="String5000">欄位內不可為空白，且最多僅能填寫5000個字。</Tag>
  <Tag key="String15000">欄位內不可為空白，且最多僅能填寫15000個字。</Tag>
  <Tag key="PatentTitleTypeTitleType">應為中文專利名稱。</Tag>
  <Tag key="PatentTitleTypeTitleEnType">應為英文專利名稱。</Tag>
  <Tag key="InventionTitleType">應為中文發明名稱。</Tag>
  <Tag key="InventionTitleEnType">應為英文發明名稱。</Tag>
  <Tag key="UtilityTitleType">應為中文新型名稱。</Tag>
  <Tag key="UtilityTitleEnType">應為英文新型名稱。</Tag>
  <Tag key="DesignTitleType">應為中文設計名稱。</Tag>
  <Tag key="DesignTitleEnType">應為英文設計名稱。</Tag>
  <Tag key="TrademarkTitleType">應為商標名稱。</Tag>
  <Tag key="GroupCodeType">欄位內最多僅能填寫200個字，且請使用半型分號(;)分隔不同代碼。</Tag>
  <Tag key="ItemsType">欄位內最多僅能填寫15,000個字，且請使用分號(;)分隔不同產品名稱，不得夾雜半形文字。</Tag>
  <Tag key="IDType">欄位內僅能填寫10個英文、數字。</Tag>
  <Tag key="TWName">欄位內最多僅能填寫100個字，且請使用半形逗號(,)分隔「姓」與「名」，不得夾雜半形空白。例：王,小明。</Tag>
  <Tag key="ENName">欄位內最多僅能填寫255個英文字，且請使用半形逗號(,)分隔「姓」與「名」。例：Wang,hsiao-ming。。如有「’」符號，請修改為「'」符號。</Tag>
  <Tag key="FixA">欄位內僅能填寫「A」。</Tag>
  <Tag key="FixAA">欄位內僅能填寫「AA」。</Tag>
  <Tag key="FixAB">欄位內僅能填寫「AB」。</Tag>
  <Tag key="FixR1">欄位內僅能填寫「R1」。</Tag>
  <Tag key="FixV1">欄位內僅能填寫「V1」。</Tag>
  <Tag key="FixJ2">欄位內僅能填寫「J2」。</Tag>
  <Tag key="FixJ">欄位內僅能填寫「J」。</Tag>
  <Tag key="FixD">欄位內僅能填寫「D」。</Tag>
  <Tag key="FixG">欄位內僅能填寫「G」。</Tag>
  <Tag key="FixE">欄位內僅能填寫「E」。</Tag>
  <Tag key="FixJA">欄位內僅能填寫「JA」。</Tag>
  <Tag key="FixJB">欄位內僅能填寫「JB」。</Tag>
  <Tag key="FixB">欄位內僅能填寫「B」。</Tag>
  <Tag key="FixB1">欄位內僅能填寫「B1」。</Tag>
  <Tag key="FixH">欄位內僅能填寫「H」。</Tag>
  <Tag key="Fix9">欄位內僅能填寫「9」。</Tag>
  <Tag key="Fix10000">欄位內僅能填寫「10000」。</Tag>
  <Tag key="Fix10002">欄位內僅能填寫「10002」。</Tag>
  <Tag key="Fix10003">欄位內僅能填寫「10003」。</Tag>
  <Tag key="Fix10007">欄位內僅能填寫「10007」。</Tag>
  <Tag key="Fix10008">欄位內僅能填寫「10008」。</Tag>
  <Tag key="Fix11000">欄位內僅能填寫「11000」。</Tag>
  <Tag key="Fix11002">欄位內僅能填寫「11002」。</Tag>
  <Tag key="Fix11003">欄位內僅能填寫「11003」。</Tag>
  <Tag key="Fix11007">欄位內僅能填寫「11007」。</Tag>
  <Tag key="Fix12000">欄位內僅能填寫「12000」。</Tag>
  <Tag key="FixColor">欄位內僅能填寫「彩色」或「墨色」。</Tag>
  <Tag key="FixColorMulti">欄位內僅能填寫「彩色」。</Tag>
  <Tag key="FixObject">欄位內僅能填寫「商品」或「服務」。</Tag>
  <Tag key="CountryType">欄位內僅能填寫：「2碼國籍代碼」加「中文國家地區名稱」。例：TW中華民國、US美國。請至「國家地區代碼表」確認填寫內容是否正確。</Tag>
  <Tag key="PCountryType">欄位內僅能填寫：「2碼國籍代碼」加「中文國家地區名稱」。例：JP日本、US美國。或所填寫者非與我國有相互承認優先權之國家或世界貿易組織會員。</Tag>
  <Tag key="的內容不完整">的內容不完整。</Tag>
  <Tag key="可能項目清單必須是:">，可能的項目應為：</Tag>
  <Tag key="項目無效">###項目無效###</Tag>
  <Tag key="PatentType">欄位內僅能填寫「發明」或「新型」或「設計」。</Tag>
  <Tag key="IpPatentType">欄位內僅能填寫「發明」或「新型」。</Tag>
  <Tag key="DesignClassType">欄位內僅能填寫「整體設計」或「部分設計」或「圖像設計」或「成組設計」。</Tag>
  <Tag key="ForeignLangType">欄位內僅能填寫「日文」或「英文」或「德文」或「韓文」或「法文」或「俄文」或「葡萄牙文」或「西班牙文」或「阿拉伯文」。</Tag>
  <Tag key="ApplicantType">欄位內僅能填寫「受讓人」或「讓與人」。</Tag>
  <Tag key="ApplicantType2">欄位內僅能填寫「受讓人」或「讓與人」或「授權人」或「被授權人」或「原被授權人」或「再被授權人」或「受託人」或「委託人」。</Tag>
  <Tag key="Fix13000">欄位內僅能填寫「13000」。</Tag>
  <Tag key="Fix16000">欄位內僅能填寫「16000」或「16002」。</Tag>
  <Tag key="Fix17000">欄位內僅能填寫「17000」。</Tag>
  <Tag key="Fix17002">欄位內僅能填寫「17002」。</Tag>
  <Tag key="Fix20000">欄位內僅能填寫「20000」或「20002」或「20004」或「20006」或「20008」或「20010」或「23002」或「23004」或「23006」或「23010」或「23012」或「23014」或「20888」。</Tag>
  <Tag key="Fix21002">欄位內僅能填寫「21002」。</Tag>
  <Tag key="Fix22102">欄位內僅能填寫「22102」。</Tag>
  <Tag key="Fix22304">欄位內僅能填寫「22304」或「22322」。</Tag>
  <Tag key="Fix24060">欄位內僅能填寫「24060」。</Tag>
  <Tag key="Fix24002">欄位內僅能填寫「24000」或「24002」或「24036」或「24046」或「24048」或「24054」或「26000」或「30700」。</Tag>
  <Tag key="Fix24700">欄位內僅能填寫「24700」。</Tag>
  <Tag key="Fix24704">欄位內僅能填寫「24704」。</Tag>
  <Tag key="Fix24706">欄位內僅能填寫「24706」。</Tag>
  <Tag key="Fix24712">欄位內僅能填寫「24712」。</Tag>
  <Tag key="Fix24714">欄位內僅能填寫「24714」。</Tag>
  <Tag key="Fix24716">欄位內僅能填寫「24716」。</Tag>
  <Tag key="Fix24720">欄位內僅能填寫「24720」。</Tag>
  <Tag key="Fix24800">欄位內僅能填寫「24800」。</Tag>
  <Tag key="DeferMonth">欄位內僅能填寫「1」或「2」或「3」或「4」或「5」或「6」。</Tag>
  <Tag key="YorNType">欄位內僅能填寫「是」或「否」。</Tag>
  <Tag key="FixMarkType">應為中文專利名稱。</Tag>
  <Tag key="FixTradeType">欄位內僅能填寫「商標」或「團體商標」或「證明標章」或「團體標章」。</Tag>
  <Tag key="TypeOfReductionMark">欄位內僅能填寫「商標」或「商標(92年修正前服務標章)」或「團體商標」或「證明標章」。</Tag>
  <Tag key="TypeOfMark">欄位內僅能填寫「商標」或「商標(92年修正前服務標章)」或「團體商標」或「證明標章」或「團體標章」。</Tag>
  <Tag key="FixCaseType">欄位內僅能填寫「異議案」或「評定案」或「移轉案」或「變更案」或「延展案」。</Tag>
  <Tag key="Recog1">欄位內僅能填寫「本申請書所填寫之資料係為真實。」</Tag>
  <Tag key="Recog2">欄位內僅能填寫「本申請書所填寫之資料確係申請人提供，且據申請人稱：該等資料均為真實。」</Tag>
  <Tag key="Recog3">欄位內僅能填寫「本申請書所檢送之PDF檔或影像檔與原本或正本相同。」</Tag>
  <Tag key="Recog4">欄位內僅能填寫「申請人已詳閱申請須知所定個人資料保護注意事項，並已確認本申請案之附件(除基本資料表、委任書外)，不包含應予保密之個人資料；其載有個人資料者，同意智慧財產局提供任何人以自動化或非自動化之方式閱覽、抄錄、攝影或影印。」</Tag>
  <Tag key="AuthorizeItemKind">欄位內僅能填寫「專屬授權」或「非專屬授權」。</Tag>
  <Tag key="ReauthorizeItemKind">欄位內僅能填寫「專屬再授權」或「非專屬再授權」。</Tag>
  <Tag key="ApplyType">欄位內僅能填寫「商標(標章)權人」或「被授權人」或「再被授權人」或「質權人」。</Tag>
  <Tag key="AuthorizeType">欄位內僅能填寫「授權人(商標權人)」或「被授權人」。</Tag>
  <Tag key="ReauthorizeType">欄位內僅能填寫「授權人(原授權登記案之被授權人)」或「被授權人(再授權使用人)」。</Tag>
  <Tag key="CancelreauthorizeType">欄位內僅能填寫「授權人(原再授權登記案之授權人)」或「被授權人(再授權使用人)」。</Tag>
  <Tag key="ChangeItem">欄位內僅能填寫「變更」或「新增」或「撤銷」。</Tag> 
  <Tag key="ChangeBooks">欄位內僅能填寫「團體商標」或「團體標章」或「證明標章」。</Tag>
  <Tag key="ChangePledgetrans">欄位內僅能填寫「有償讓與」或「無償讓與」或「繼承」或「其他法定移轉」。</Tag>
  <Tag key="PPHCountryType">欄位內僅能填寫「JP日本」或「US美國」或「ES西班牙」或「KR南韓」。</Tag>
  <Tag key="SUPACountryType">欄位內僅能填寫「JP日本」或「US美國」。</Tag>
  <Tag key="CallawayRreason">欄位內僅能填寫「合意(買賣)移轉」或「繼承移轉」或「贈與移轉」或「拍賣移轉」或「公司合併移轉」或「團體標章或團體商標或證明標章移轉」或「其他」。</Tag>
  <Tag key="Fix30600">欄位內僅能填寫「一般事項申復申請書」或「審查意見申復申請書」或「專利申請延展指定期間申請書」或「查詢案件進度申請書」或「專利申請案撤回申請書」或「面詢申請書」或「專利案件閱卷申請書」或「專利案件影印申請書」或「專利舉發案涉訟優先審查申請書」。</Tag>
  <Tag key="Fix22320">欄位內僅能填寫「專利證書英譯證明申請書」或「專利證書補發申請書」或「專利權期間延長申請書」或「專利權讓與登記申請書」或「專利權繼承登記申請書」或「專利權授權登記申請書」或「專利權授權塗銷登記申請書」或「專利權授權變更登記申請書」或「專利權再授權登記申請書」或「專利權再授權塗銷登記申請書」或「專利權再授權變更登記申請書」或「專利權信託登記申請書」或「專利權信託塗銷登記申請書」或「專利權信託變更登記申請書」或「專利權信託歸屬登記申請書」。</Tag>
  <Tag key="FixV">欄位內僅能填寫「補正申請書」或「閱卷申請書」或「商標註冊費繳費單」或「其他事項申請書」或「更正申請書」或「商標退費申請書」。</Tag>
  <Tag key="ApplicationNumCategory">欄位內僅能填寫「申請案號」或「註冊號」。</Tag>
  <Tag key="Integer09or08num">欄位內僅能填寫9碼之申請案號或8碼之註冊號。例：097020001，01359876</Tag>
  <Tag key="FixP">欄位內僅能填寫「中文證明書申請書」或「英文證明書申請書」或「補發註冊證申請書」。</Tag>
  <Tag key="BcApplTypeCheck">欄位內僅能填寫「全期」或「第二期」。</Tag>
</Dictionary>